iter	MAE	Huber:delta=50
0	73.58430015	2659.641875
1	70.73510975	2554.841135
2	68.04926287	2458.597088
3	65.8313814	2379.081583
4	63.95386754	2306.735056
5	62.08243668	2234.845222
6	60.52322854	2171.88902
7	59.27042499	2119.529247
8	58.08817308	2069.420087
9	57.10426503	2026.864615
10	56.28838699	1990.066327
11	55.52425961	1955.043301
12	54.8472875	1922.672894
13	54.24251091	1893.234784
14	53.74864677	1868.876062
15	53.29782437	1845.940523
16	52.9072203	1825.670409
17	52.4953552	1804.195045
18	52.15988172	1785.918674
19	51.87909725	1769.720824
20	51.59577534	1753.511127
21	51.38199085	1740.224842
22	51.15733322	1726.609615
23	50.96149865	1714.505676
24	50.79110286	1703.417171
25	50.62191352	1692.48404
26	50.48443055	1683.319073
27	50.3417502	1673.79658
28	50.21402153	1665.163021
29	50.11477601	1658.208426
30	50.02595532	1652.451075
31	49.93853909	1646.492571
32	49.84696224	1639.819568
33	49.75756121	1633.497012
34	49.65946519	1626.913141
35	49.52750115	1618.23503
36	49.48229801	1614.125352
37	49.42929204	1609.745837
38	49.40499547	1606.540606
39	49.35422102	1602.385016
40	49.30751159	1598.197905
41	49.25580212	1593.931912
42	49.18749318	1589.453438
43	49.15138112	1586.265481
44	49.10927306	1582.882806
45	49.0750475	1579.807702
46	49.02438958	1576.25953
47	48.98091939	1572.999576
48	48.9549045	1570.172541
49	48.92336513	1567.655992
50	48.90815552	1565.622669
51	48.89861483	1564.295118
52	48.87598507	1562.050465
53	48.84840597	1560.027368
54	48.80607992	1557.265934
55	48.76912045	1554.910356
56	48.71515508	1551.83505
57	48.67837487	1549.516077
58	48.6624257	1548.247437
59	48.61046965	1545.363583
60	48.57771807	1543.320905
61	48.53505727	1540.751698
62	48.50400395	1538.859921
63	48.49387309	1537.852479
64	48.47040107	1536.3634
65	48.43686475	1534.462745
66	48.40777348	1532.757045
67	48.37131433	1530.663623
68	48.33747332	1528.552634
69	48.32119204	1527.38911
70	48.29296839	1525.568063
71	48.26642521	1524.089804
72	48.23273877	1522.186372
73	48.20323202	1520.576467
74	48.17416773	1518.832114
75	48.15245149	1517.640361
76	48.11412374	1515.683379
77	48.07066567	1513.237046
78	48.05220099	1512.142421
79	48.01194885	1510.114204
80	47.97666641	1508.573599
81	47.94445565	1506.971719
82	47.93071223	1506.16308
83	47.89481239	1504.281828
84	47.89830964	1504.000677
85	47.88215733	1502.943323
86	47.84481271	1501.120148
87	47.80534053	1499.186377
88	47.77256639	1497.668052
89	47.73167883	1495.838439
90	47.69827031	1494.210016
91	47.65163049	1491.894669
92	47.59938178	1489.30754
93	47.56572641	1487.570411
94	47.52696023	1485.534185
95	47.49031095	1483.794372
96	47.46229827	1482.420008
97	47.41537818	1480.135642
98	47.38085617	1478.477266
99	47.34829151	1476.910366
100	47.30490506	1474.742485
101	47.28236401	1473.527318
102	47.26072237	1472.42459
103	47.23763292	1471.131468
104	47.21693443	1469.824255
105	47.19208437	1468.486932
106	47.14027413	1465.982818
107	47.11769103	1464.864326
108	47.08157354	1463.027765
109	47.07599235	1462.561123
110	47.04525526	1461.264402
111	47.01387837	1459.773812
112	46.981865	1458.36538
113	46.96358653	1457.548959
114	46.93478171	1456.263893
115	46.89443475	1454.481081
116	46.8526865	1452.504035
117	46.8339271	1451.619749
118	46.81529543	1450.885128
119	46.79732678	1450.015949
120	46.76706653	1448.625408
121	46.72893234	1446.946871
122	46.69000027	1445.150818
123	46.67452718	1444.307532
124	46.63217145	1442.48931
125	46.59736522	1441.016373
126	46.56163473	1439.29855
127	46.54567697	1438.539799
128	46.50044872	1436.579819
129	46.47071586	1435.212802
130	46.45694797	1434.553592
131	46.41301772	1432.521383
132	46.37881424	1431.045062
133	46.34128628	1429.430505
134	46.31623495	1428.123272
135	46.31491773	1427.896742
136	46.28040576	1426.180862
137	46.24350511	1424.496735
138	46.2109918	1422.981951
139	46.19285	1422.096585
140	46.15690742	1420.507103
141	46.13246639	1419.341385
142	46.1060219	1417.978862
143	46.0854769	1416.918919
144	46.03899692	1414.762777
145	46.00632765	1413.07351
146	45.9942626	1412.480559
147	45.96339185	1411.080269
148	45.9499798	1410.40003
149	45.92048975	1409.088251
150	45.88553143	1407.576742
151	45.84469692	1405.622691
152	45.82313244	1404.524669
153	45.79511109	1403.344805
154	45.75472789	1401.622194
155	45.72845939	1400.411329
156	45.69769833	1399.192472
157	45.68027161	1398.308803
158	45.66844199	1397.670986
159	45.64769498	1396.883955
160	45.62297032	1395.756734
161	45.61062511	1395.092894
162	45.5974683	1394.547323
163	45.58704521	1393.96673
164	45.57066116	1393.195202
165	45.54879078	1392.25773
166	45.54268433	1391.907886
167	45.51173177	1390.540597
168	45.50528097	1390.19451
169	45.49299983	1389.607751
170	45.46439588	1388.355208
171	45.4407606	1387.282399
172	45.41054889	1385.918625
173	45.38210908	1384.659316
174	45.37658249	1384.391297
175	45.35274786	1383.339371
176	45.31617943	1381.707187
177	45.30002609	1380.884194
178	45.26339526	1379.40745
179	45.24127687	1378.442236
180	45.21203936	1377.213484
181	45.1963855	1376.545797
182	45.17435271	1375.424507
183	45.13848171	1373.870474
184	45.10816051	1372.574095
185	45.09664415	1371.960875
186	45.08380478	1371.361637
187	45.04719717	1369.520412
188	44.99952835	1367.481658
189	44.97050334	1366.194928
190	44.94010426	1364.777304
191	44.91099122	1363.435745
192	44.88751213	1362.341204
193	44.8474709	1360.548042
194	44.82470735	1359.585526
195	44.7801961	1357.471804
196	44.7603508	1356.533211
197	44.7369963	1355.345513
198	44.71388763	1354.26837
199	44.69481145	1353.491517
200	44.64923498	1351.411454
201	44.61883673	1349.999119
202	44.5812651	1348.220999
203	44.56276788	1347.336443
204	44.52585386	1345.607125
205	44.50036423	1344.407577
206	44.46579937	1342.846049
207	44.43121817	1341.126324
208	44.42288636	1340.723416
209	44.39129399	1339.212571
210	44.36978325	1338.303087
211	44.33185868	1336.457127
212	44.3033187	1335.170667
213	44.26962396	1333.591768
214	44.24659852	1332.560303
215	44.20722607	1330.726084
216	44.18027036	1329.562826
217	44.14586614	1327.951868
218	44.11057339	1326.225395
219	44.07979838	1324.816912
220	44.05344969	1323.724154
221	44.03923195	1323.194948
222	44.01563931	1322.169035
223	43.99177656	1321.199729
224	43.96849872	1320.121806
225	43.94299704	1318.96911
226	43.91725559	1317.738515
227	43.89907571	1316.964634
228	43.88161875	1316.22629
229	43.85935928	1315.190029
230	43.82840143	1313.940598
231	43.82799847	1313.851566
232	43.80004618	1312.625688
233	43.76245567	1310.997891
234	43.76204503	1310.904921
235	43.73009891	1309.527517
236	43.70690593	1308.525849
237	43.68187644	1307.421374
238	43.6414849	1305.553842
239	43.62262406	1304.635354
240	43.57717854	1302.515662
241	43.54551018	1301.117697
242	43.51159398	1299.804579
243	43.48727775	1298.686213
244	43.46444232	1297.713098
245	43.43710677	1296.458497
246	43.41659418	1295.690101
247	43.38447784	1294.361849
248	43.36181708	1293.23269
249	43.34455373	1292.441341
250	43.32509225	1291.478991
251	43.30327727	1290.584082
252	43.29156969	1290.023579
253	43.27000464	1289.091502
254	43.25536782	1288.447431
255	43.22886885	1287.224198
256	43.21434593	1286.630536
257	43.17554704	1285.115773
258	43.15677268	1284.268054
259	43.13012806	1283.155719
260	43.09743283	1281.890172
261	43.07604616	1280.898317
262	43.07362993	1280.768067
263	43.04498066	1279.518345
264	43.0187228	1278.363793
265	42.99284599	1277.150181
266	42.97424338	1276.441279
267	42.96465915	1275.942913
268	42.95353624	1275.48521
269	42.9399953	1274.971389
270	42.93661865	1274.838849
271	42.92748313	1274.410924
272	42.89929096	1273.168628
273	42.87942552	1272.275818
274	42.87646597	1272.124397
275	42.87199272	1271.934941
276	42.87002598	1271.798952
277	42.83851196	1270.475344
278	42.83712808	1270.386263
279	42.81187089	1269.297345
280	42.78880722	1268.291906
281	42.78268116	1267.995292
282	42.7485451	1266.546128
283	42.74113582	1266.252879
284	42.72019935	1265.270042
285	42.71449194	1264.981504
286	42.70350073	1264.552766
287	42.68584523	1263.84454
288	42.68558411	1263.787587
289	42.68362855	1263.679053
290	42.6807065	1263.52452
291	42.67767775	1263.401714
292	42.66132101	1262.644331
293	42.64835436	1262.050132
294	42.6261627	1261.087508
295	42.61676827	1260.750529
296	42.60931306	1260.4409
297	42.59925715	1260.134342
298	42.58620705	1259.623606
299	42.57507363	1259.191083
300	42.55963934	1258.508621
301	42.55655164	1258.399299
302	42.55201305	1258.187239
303	42.55295963	1258.152939
304	42.54838436	1257.913618
305	42.53823595	1257.542423
306	42.52382231	1256.894137
307	42.52254843	1256.832034
308	42.51970738	1256.670052
309	42.52045053	1256.644694
310	42.51328405	1256.320063
311	42.50617958	1256.022976
312	42.5019058	1255.830335
313	42.49705001	1255.575155
314	42.49244971	1255.389656
315	42.48766795	1255.186387
316	42.47185878	1254.598063
317	42.45180583	1253.724254
318	42.44777726	1253.565825
319	42.43982921	1253.275661
320	42.42753533	1252.734747
321	42.42286659	1252.546666
322	42.42364121	1252.528418
323	42.40784762	1251.966871
324	42.40469138	1251.85813
325	42.38470919	1250.989753
326	42.38462397	1250.943977
327	42.38158512	1250.838237
328	42.38052513	1250.750838
329	42.3727294	1250.403581
330	42.37097491	1250.315589
331	42.367193	1250.144639
332	42.36064704	1249.804879
333	42.35605393	1249.587747
334	42.35464821	1249.465461
335	42.35063091	1249.280205
336	42.35111103	1249.264087
337	42.33643334	1248.517587
338	42.33292613	1248.352533
339	42.30942269	1247.386713
340	42.30637057	1247.273222
341	42.27656336	1246.020478
342	42.27698333	1246.005644
343	42.26027733	1245.194064
344	42.24819448	1244.620562
345	42.24335271	1244.378358
346	42.23202326	1243.948482
347	42.23036418	1243.846213
348	42.23081431	1243.83118
349	42.22541468	1243.553826
350	42.22018825	1243.305401
351	42.21175701	1243.009848
352	42.20699078	1242.711053
353	42.2019772	1242.507402
354	42.2021199	1242.48004
355	42.19991906	1242.408579
356	42.19639961	1242.258761
357	42.1954257	1242.215445
358	42.18663099	1241.846824
359	42.18697836	1241.828726
360	42.18071915	1241.60914
361	42.15034551	1240.267052
362	42.14609634	1240.081732
363	42.1465499	1240.065032
364	42.11893317	1238.903384
365	42.10749877	1238.373374
366	42.10462591	1238.22982
367	42.1003994	1238.090675
368	42.09481927	1237.865121
369	42.08863297	1237.661418
370	42.08537539	1237.488671
371	42.08348012	1237.421404
372	42.08134027	1237.274334
373	42.08044101	1237.221295
374	42.07813372	1237.074667
375	42.07735857	1237.039381
376	42.07252184	1236.865575
377	42.06643898	1236.603898
378	42.06594765	1236.545201
379	42.06192558	1236.363514
380	42.04010564	1235.678221
381	42.037599	1235.561636
382	42.03473239	1235.46372
383	42.03132623	1235.315881
384	42.01866354	1234.918527
385	42.01257179	1234.671834
386	42.00752092	1234.441123
387	42.00089335	1234.207466
388	41.96746235	1232.747025
389	41.95830659	1232.408991
390	41.95711389	1232.3572
391	41.95030905	1232.087286
392	41.94527118	1231.937929
393	41.9277912	1231.331216
394	41.9227129	1231.088608
395	41.91545824	1230.859715
396	41.91141571	1230.724809
397	41.91084577	1230.684605
398	41.90768487	1230.492906
399	41.88097375	1229.380969
400	41.87227438	1229.126935
401	41.87112516	1229.053573
402	41.86555918	1228.818378
403	41.86147737	1228.657792
404	41.85786345	1228.484647
405	41.85510836	1228.335723
406	41.84452739	1227.847985
407	41.83862739	1227.628726
408	41.83218721	1227.352729
409	41.82434398	1227.036813
410	41.81344349	1226.620355
411	41.80716663	1226.355096
412	41.80448881	1226.211396
413	41.75427653	1224.020473
414	41.75140496	1223.925686
415	41.75145117	1223.892257
416	41.74015296	1223.448316
417	41.73691277	1223.34314
418	41.73063541	1223.080888
419	41.70551541	1222.030983
420	41.70245808	1221.766372
421	41.69803415	1221.551525
422	41.69478384	1221.394907
423	41.69261101	1221.319576
424	41.68506213	1221.072783
425	41.68299508	1220.993325
426	41.64667825	1219.431689
427	41.6447149	1219.364864
428	41.62193881	1218.384401
429	41.61737246	1218.202305
430	41.59794173	1217.342835
431	41.59436032	1217.187542
432	41.59222426	1217.112568
433	41.59219226	1217.083963
434	41.58529173	1216.85876
435	41.56970539	1216.290589
436	41.56912669	1216.270268
437	41.5663592	1216.167559
438	41.56365558	1216.03771
439	41.56170772	1215.908226
440	41.55752746	1215.735694
441	41.55728358	1215.714988
442	41.55555534	1215.63253
443	41.5504995	1215.491721
444	41.51827073	1214.054949
445	41.50469416	1213.531504
446	41.50476718	1213.492523
447	41.50387867	1213.449189
448	41.50262622	1213.390543
449	41.4984243	1213.152974
450	41.48468595	1212.675878
451	41.46957099	1212.015009
452	41.46047523	1211.698275
453	41.45930391	1211.625925
454	41.45161978	1211.275805
455	41.44877634	1211.181337
456	41.43873323	1210.68459
457	41.43339077	1210.533958
458	41.43103322	1210.440936
459	41.42490429	1210.181496
460	41.42250603	1210.05136
461	41.4115338	1209.626225
462	41.40134351	1209.313998
463	41.40069729	1209.255166
464	41.3877272	1208.711685
465	41.38668699	1208.684015
466	41.38571365	1208.637813
467	41.38455008	1208.57393
468	41.36344199	1207.647429
469	41.35869912	1207.427342
470	41.35733841	1207.351022
471	41.35048589	1207.066111
472	41.35045911	1206.973529
473	41.34867804	1206.880889
474	41.34550456	1206.779273
475	41.34142973	1206.580938
476	41.33652922	1206.406705
477	41.32423644	1205.875442
478	41.32013089	1205.747902
479	41.31927918	1205.700122
480	41.30313021	1204.957352
481	41.30056214	1204.82325
482	41.29936258	1204.791714
483	41.29332733	1204.564113
484	41.29152324	1204.462724
485	41.28813484	1204.367194
486	41.2853074	1204.243828
487	41.27925774	1203.984732
488	41.27583722	1203.860201
489	41.27088546	1203.704581
490	41.2711646	1203.697639
491	41.25720075	1203.241115
492	41.25655993	1203.175633
493	41.24204968	1202.647988
494	41.2346955	1202.343006
495	41.23390803	1202.299716
496	41.23008503	1202.155599
497	41.22912957	1202.108031
498	41.22582406	1201.940898
499	41.22484101	1201.880423
500	41.21679639	1201.575612
501	41.20750469	1201.220253
502	41.20458354	1201.087523
503	41.19466765	1200.713726
504	41.18596088	1200.407416
505	41.18463741	1200.349761
506	41.17628904	1200.033666
507	41.17248539	1199.865832
508	41.16630047	1199.579268
509	41.14622138	1198.535902
510	41.11989919	1197.42943
511	41.08996306	1196.344664
512	41.08724202	1196.259729
513	41.08667102	1196.209617
514	41.06114351	1195.014629
515	41.02461855	1193.354484
516	40.99160702	1192.009838
517	40.98576874	1191.826016
518	40.98328318	1191.719171
519	40.98022225	1191.62715
520	40.97910933	1191.560713
521	40.97643418	1191.44733
522	40.92907866	1189.450926
523	40.92016651	1189.126711
524	40.92014373	1189.040525
525	40.91851235	1188.947305
526	40.91802906	1188.864679
527	40.91684516	1188.772676
528	40.90019915	1188.02643
529	40.89657789	1187.886481
530	40.89193304	1187.723611
531	40.88829209	1187.574585
532	40.88743224	1187.497269
533	40.87060752	1186.748098
534	40.86743178	1186.60845
535	40.84938331	1185.782462
536	40.84384933	1185.606409
537	40.83645231	1185.227635
538	40.8361688	1185.179301
539	40.82562303	1184.681391
540	40.82027808	1184.423845
541	40.81671341	1184.273455
542	40.80939895	1183.978151
543	40.80767069	1183.880517
544	40.80647588	1183.817917
545	40.80173527	1183.593625
546	40.8009587	1183.545426
547	40.79402862	1183.237455
548	40.77795843	1182.504594
549	40.76899858	1182.122083
550	40.76640867	1182.003049
551	40.75493384	1181.508829
552	40.7503768	1181.315149
553	40.74943456	1181.223959
554	40.7126721	1179.561704
555	40.71148182	1179.504041
556	40.71032677	1179.454168
557	40.70428429	1179.214276
558	40.70052045	1179.057366
559	40.67746889	1177.965568
560	40.65319217	1176.9238
561	40.63541175	1175.99072
562	40.62363726	1175.513876
563	40.62272468	1175.472378
564	40.61821217	1175.258842
565	40.61467369	1175.087163
566	40.61190922	1174.961241
567	40.60827621	1174.817583
568	40.60093057	1174.498987
569	40.58652096	1173.973407
570	40.5848513	1173.889406
571	40.57635752	1173.5209
572	40.53405944	1171.730269
573	40.52462713	1171.366417
574	40.52075624	1171.238565
575	40.52063244	1171.2066
576	40.5176885	1171.108754
577	40.48031282	1169.909109
578	40.47312326	1169.701616
579	40.46583179	1169.311832
580	40.46534737	1169.249278
581	40.46497643	1169.214535
582	40.45987778	1169.037186
583	40.45685169	1168.918067
584	40.45510709	1168.823058
585	40.4369422	1168.209516
586	40.43649292	1168.179203
587	40.42312249	1167.665942
588	40.42284415	1167.614019
589	40.42174801	1167.565976
590	40.42201516	1167.553104
591	40.42010184	1167.501071
592	40.39478289	1166.38653
593	40.37274557	1165.422548
594	40.36742934	1165.169396
595	40.36534442	1165.030387
596	40.36436395	1164.945236
597	40.35141386	1164.460364
598	40.34417293	1164.126544
599	40.34317235	1164.067258
600	40.31706072	1163.035311
601	40.31605993	1162.985066
602	40.30795954	1162.689022
603	40.30617294	1162.603898
604	40.28538088	1161.65396
605	40.28271054	1161.540639
606	40.27874009	1161.398322
607	40.25122812	1160.047646
608	40.23580188	1159.287878
609	40.23499557	1159.231775
610	40.23101038	1159.083815
611	40.2256263	1158.857476
612	40.21901547	1158.601206
613	40.21336685	1158.424016
614	40.20873196	1158.235663
615	40.19269832	1157.527064
616	40.18943572	1157.396204
617	40.1810703	1157.092792
618	40.18029017	1156.998862
619	40.177613	1156.91902
620	40.1667643	1156.35962
621	40.16673028	1156.334308
622	40.16474539	1156.214788
623	40.15992339	1156.053142
624	40.1489616	1155.599875
625	40.14688966	1155.507514
626	40.14722712	1155.49735
627	40.14071264	1155.259031
628	40.13857444	1155.176079
629	40.1366496	1155.118519
630	40.13553381	1155.048246
631	40.11974711	1154.446346
632	40.11934377	1154.40248
633	40.10415355	1153.6742
634	40.09227689	1153.269481
635	40.0908633	1153.221441
636	40.07741273	1152.649118
637	40.07624179	1152.543261
638	40.06325303	1151.945441
639	40.0429268	1151.061908
640	40.02693049	1150.333514
641	40.02200237	1150.087257
642	40.02000753	1149.990303
643	40.01335974	1149.725672
644	39.99132638	1148.833354
645	39.96496462	1147.923107
646	39.96564512	1147.905053
647	39.95111899	1147.323667
648	39.92985237	1146.525947
649	39.92745088	1146.443505
650	39.90644152	1145.806572
651	39.88776858	1144.99427
652	39.88232557	1144.732507
653	39.86999589	1144.170602
654	39.86888448	1144.083607
655	39.86213146	1143.850096
656	39.85536978	1143.568601
657	39.8541166	1143.522272
658	39.84509215	1143.161322
659	39.82816794	1142.635771
660	39.82453214	1142.424623
661	39.82324062	1142.325834
662	39.82115762	1142.253243
663	39.81528081	1142.092993
664	39.81397632	1142.035744
665	39.81374248	1141.962196
666	39.81290794	1141.927706
667	39.80489374	1141.723598
668	39.80061356	1141.543756
669	39.79746864	1141.423371
670	39.79289991	1141.254438
671	39.78421955	1140.912626
672	39.78157732	1140.774891
673	39.77610395	1140.532026
674	39.75955795	1139.855568
675	39.75340485	1139.691335
676	39.74935486	1139.52385
677	39.73559279	1139.151184
678	39.71267098	1138.32339
679	39.70687221	1138.186036
680	39.70035613	1137.961276
681	39.69160203	1137.705184
682	39.66412594	1136.683225
683	39.65899946	1136.453402
684	39.6509052	1136.17006
685	39.63882118	1135.709594
686	39.63656359	1135.628348
687	39.62169137	1135.02944
688	39.62146654	1134.99036
689	39.60409848	1134.356624
690	39.59054148	1133.831649
691	39.59045199	1133.79788
692	39.58709979	1133.650682
693	39.57527718	1133.261598
694	39.55608469	1132.549605
695	39.55398347	1132.490713
696	39.54074012	1131.993164
697	39.53894311	1131.925637
698	39.52745384	1131.492375
699	39.52444048	1131.353575
700	39.52071903	1131.226286
701	39.51407857	1130.952748
702	39.50965505	1130.789249
703	39.49422602	1130.171192
704	39.48555435	1129.928484
705	39.48490071	1129.893067
706	39.47612254	1129.616477
707	39.46515443	1129.120575
708	39.46384451	1129.080947
709	39.4484457	1128.488285
710	39.44068722	1128.191075
711	39.4333606	1127.904005
712	39.43344802	1127.890588
713	39.42482171	1127.634183
714	39.41204283	1127.192607
715	39.41098576	1127.150074
716	39.40216289	1126.87116
717	39.39252635	1126.422134
718	39.38848351	1126.321985
719	39.38225538	1126.088415
720	39.36980293	1125.634834
721	39.36969531	1125.604312
722	39.36577919	1125.404639
723	39.35058938	1124.894108
724	39.34974423	1124.862695
725	39.34642679	1124.742249
726	39.34454787	1124.690131
727	39.33578845	1124.314356
728	39.33137632	1124.185718
729	39.32808167	1124.016238
730	39.32345997	1123.82517
731	39.31155327	1123.400835
732	39.31093829	1123.361156
733	39.308299	1123.281839
734	39.29818919	1122.900251
735	39.27735063	1122.163077
736	39.27203083	1122.018641
737	39.25744006	1121.468137
738	39.2461773	1121.07044
739	39.23514757	1120.683612
740	39.22389101	1120.345309
741	39.22376405	1120.310481
742	39.2216241	1120.205649
743	39.2079904	1119.743224
744	39.19591035	1119.345925
745	39.19446131	1119.264434
746	39.18425821	1118.866388
747	39.18390706	1118.847221
748	39.18000369	1118.616675
749	39.1757355	1118.493331
750	39.1589666	1117.833189
751	39.15717456	1117.712524
752	39.15000375	1117.446132
753	39.14029227	1116.978425
754	39.13179652	1116.688321
755	39.11357342	1116.150436
756	39.10422936	1115.741686
757	39.10310969	1115.69053
758	39.090277	1115.232659
759	39.08310902	1114.993217
760	39.0758458	1114.723567
761	39.06104559	1114.087799
762	39.05052925	1113.720568
763	39.03989358	1113.269211
764	39.02796138	1112.876253
765	39.02774323	1112.844611
766	39.02340424	1112.654176
767	39.0093623	1112.044962
768	39.00316247	1111.812539
769	38.99430784	1111.482002
770	38.98671461	1111.222168
771	38.98279419	1111.07409
772	38.97606812	1110.817444
773	38.97283346	1110.703697
774	38.96690012	1110.544319
775	38.96636231	1110.504305
776	38.96410802	1110.443698
777	38.94288386	1109.559566
778	38.93617651	1109.259096
779	38.93605049	1109.227451
780	38.92486025	1108.754819
781	38.9127931	1108.301224
782	38.9093535	1108.185559
783	38.90706481	1108.078193
784	38.88666234	1107.222279
785	38.87942379	1106.841666
786	38.87271643	1106.635396
787	38.87154982	1106.585934
788	38.86509671	1106.399842
789	38.85451383	1105.947457
790	38.85086501	1105.799496
791	38.8473407	1105.723319
792	38.84365625	1105.583891
793	38.83499767	1105.309875
794	38.82995707	1105.108136
795	38.81697695	1104.599447
796	38.81476894	1104.496176
797	38.80189519	1104.026164
798	38.7961868	1103.833063
799	38.77002485	1102.887052
800	38.76547591	1102.685617
801	38.7621291	1102.543186
802	38.75243432	1102.228346
803	38.7494696	1102.148718
804	38.72936124	1101.357657
805	38.72381661	1101.053497
806	38.72165789	1100.953229
807	38.71347962	1100.645332
808	38.71236792	1100.583024
809	38.71090587	1100.50929
810	38.7112127	1100.487225
811	38.70184627	1100.169848
812	38.69923528	1100.110041
813	38.68935508	1099.71754
814	38.68764627	1099.639348
815	38.68283087	1099.514067
816	38.67392493	1099.148484
817	38.67365279	1099.133378
818	38.66290769	1098.708176
819	38.6512981	1098.168014
820	38.64535161	1097.919496
821	38.64486341	1097.867831
822	38.64030802	1097.691411
823	38.63557353	1097.537683
824	38.62714694	1097.188803
825	38.62488042	1097.084048
826	38.6183844	1096.738784
827	38.61462429	1096.539154
828	38.60804716	1096.261317
829	38.60173762	1096.05143
830	38.59580456	1095.805313
831	38.59558272	1095.783555
832	38.58912009	1095.580161
833	38.58644547	1095.438099
834	38.57487104	1094.964771
835	38.56652756	1094.686268
836	38.56653187	1094.668792
837	38.55922681	1094.40657
838	38.55523833	1094.300414
839	38.55131181	1094.135345
840	38.54892637	1094.080201
841	38.54905694	1094.062576
842	38.54548435	1093.957344
843	38.54426165	1093.930773
844	38.53605341	1093.620395
845	38.52793594	1093.296701
846	38.52221864	1093.119504
847	38.52129362	1093.098017
848	38.51199672	1092.76898
849	38.50041507	1092.389056
850	38.49710688	1092.280643
851	38.47861733	1091.63199
852	38.47696121	1091.557682
853	38.47589551	1091.519983
854	38.45926806	1090.857871
855	38.44802122	1090.43525
856	38.44628299	1090.381185
857	38.44522285	1090.348152
858	38.44234879	1090.174678
859	38.42350065	1089.410678
860	38.41176013	1088.95312
861	38.40983554	1088.87465
862	38.4043672	1088.664014
863	38.37865512	1087.67301
864	38.36774487	1087.287561
865	38.36047593	1086.984851
866	38.35526385	1086.812545
867	38.35252871	1086.696507
868	38.34468024	1086.266619
869	38.32908617	1085.633641
870	38.32113375	1085.328203
871	38.32049047	1085.296141
872	38.30465005	1084.775384
873	38.2951978	1084.395915
874	38.28761324	1084.07856
875	38.2783631	1083.823283
876	38.27888012	1083.790258
877	38.27175156	1083.437358
878	38.25461245	1082.859566
879	38.25515569	1082.83031
880	38.2437794	1082.367368
881	38.22684156	1081.71591
882	38.2086419	1081.05078
883	38.19729931	1080.659418
884	38.19462758	1080.580163
885	38.19218414	1080.505413
886	38.19214496	1080.493605
887	38.18973649	1080.390513
888	38.18376193	1080.10828
889	38.17573532	1079.889559
890	38.17238964	1079.769033
891	38.1690161	1079.659042
892	38.15320224	1079.015627
893	38.14893394	1078.833013
894	38.14571164	1078.72757
895	38.14614968	1078.710129
896	38.13859621	1078.455327
897	38.13617782	1078.368408
898	38.12642705	1078.026986
899	38.11490793	1077.562817
900	38.10481998	1077.131793
901	38.0997439	1076.946034
902	38.09816931	1076.857205
903	38.08798729	1076.548074
904	38.0838983	1076.405584
905	38.07719563	1076.172999
906	38.07218636	1075.982234
907	38.06899569	1075.909779
908	38.05516805	1075.46677
909	38.05446577	1075.438679
910	38.05296132	1075.353894
911	38.05142714	1075.283305
912	38.03918861	1074.766354
913	38.03302528	1074.538751
914	38.03135427	1074.474741
915	38.03057636	1074.456444
916	38.01730978	1074.005947
917	38.01718739	1073.994262
918	38.0160684	1073.89719
919	38.01466	1073.752825
920	38.004489	1073.399802
921	37.99920144	1073.178241
922	37.997439	1073.063673
923	37.99597905	1073.015959
924	37.99039693	1072.768579
925	37.9906631	1072.751461
926	37.98465668	1072.545009
927	37.97975722	1072.399755
928	37.97979474	1072.391321
929	37.96614888	1071.963488
930	37.96500968	1071.93047
931	37.96352	1071.875303
932	37.95893037	1071.713573
933	37.95807171	1071.675498
934	37.95394202	1071.507705
935	37.9544732	1071.492041
936	37.95193094	1071.443221
937	37.95178019	1071.43681
938	37.94733835	1071.227801
939	37.94697882	1071.208018
940	37.94397316	1071.081961
941	37.93190549	1070.679457
942	37.93010013	1070.575217
943	37.9288027	1070.52713
944	37.92380173	1070.334872
945	37.92421052	1070.320218
946	37.9164993	1070.039748
947	37.91330885	1069.943195
948	37.90979598	1069.81957
949	37.90248906	1069.468891
950	37.9008469	1069.353546
951	37.88639195	1068.706202
952	37.88616641	1068.685202
953	37.87116944	1068.20984
954	37.86782018	1068.072529
955	37.86344321	1067.852074
956	37.86151928	1067.772784
957	37.84933674	1067.279453
958	37.84941823	1067.266173
959	37.84564589	1067.06978
960	37.83815198	1066.805369
961	37.83701357	1066.754103
962	37.83010247	1066.513624
963	37.82999802	1066.493556
964	37.8160276	1065.916288
965	37.81347116	1065.847554
966	37.80452325	1065.540588
967	37.80191977	1065.473206
968	37.79986185	1065.396876
969	37.79597353	1065.286251
970	37.79500763	1065.231541
971	37.79219359	1065.121735
972	37.7910101	1065.070506
973	37.78453705	1064.76002
974	37.77209538	1064.338866
975	37.76993643	1064.273754
976	37.76471369	1064.091518
977	37.76381568	1064.046942
978	37.76315245	1064.025824
979	37.76073844	1063.916873
980	37.75880303	1063.864188
981	37.743623	1063.232297
982	37.74169604	1063.173675
983	37.74070023	1063.153202
984	37.73615743	1063.048616
985	37.72155543	1062.534865
986	37.72146534	1062.500727
987	37.72078312	1062.48044
988	37.71469787	1062.258932
989	37.70276799	1061.84802
990	37.70125839	1061.813571
991	37.6883302	1061.258801
992	37.68627648	1061.20169
993	37.681346	1060.977879
994	37.67836021	1060.854133
995	37.65731116	1060.099161
996	37.65725762	1060.089792
997	37.65265182	1059.960179
998	37.64540393	1059.70889
999	37.6427919	1059.58566
1000	37.62739163	1058.845827
1001	37.62666603	1058.826584
1002	37.62428334	1058.763176
1003	37.60292257	1058.09631
1004	37.60026616	1058.043293
1005	37.59115278	1057.765036
1006	37.58719543	1057.608354
1007	37.56922025	1057.010824
1008	37.55962108	1056.709951
1009	37.54265765	1055.957336
1010	37.53731952	1055.746152
1011	37.53656754	1055.736916
1012	37.53334938	1055.655853
1013	37.53060062	1055.520471
1014	37.52536272	1055.253399
1015	37.5199517	1055.067546
1016	37.51940832	1055.060767
1017	37.51759141	1054.97533
1018	37.50196282	1054.343902
1019	37.49500773	1054.00505
1020	37.48863791	1053.717342
1021	37.48379171	1053.564113
1022	37.47192106	1053.122933
1023	37.46265404	1052.8137
1024	37.45960445	1052.675849
1025	37.45323694	1052.450126
1026	37.45270821	1052.441283
1027	37.44390667	1052.069809
1028	37.42695124	1051.430294
1029	37.40590925	1050.805486
1030	37.40343602	1050.719971
1031	37.39991694	1050.55766
1032	37.39955112	1050.519559
1033	37.39549274	1050.338385
1034	37.39463487	1050.316272
1035	37.38852282	1050.121245
1036	37.38232214	1049.852378
1037	37.38022058	1049.772525
1038	37.37740126	1049.629958
1039	37.37773869	1049.618564
1040	37.3527304	1048.70264
1041	37.34763885	1048.495781
1042	37.34760744	1048.473757
1043	37.34701667	1048.455487
1044	37.33842795	1048.119642
1045	37.32519629	1047.680185
1046	37.30174476	1046.71923
1047	37.29975683	1046.649098
1048	37.30021184	1046.638357
1049	37.29974457	1046.620346
1050	37.27880165	1045.923678
1051	37.27825846	1045.903007
1052	37.27554267	1045.808527
1053	37.26443316	1045.399584
1054	37.25694437	1045.133112
1055	37.25219383	1044.935125
1056	37.25027354	1044.853162
1057	37.23873608	1044.349499
1058	37.23038304	1044.006305
1059	37.22468863	1043.707371
1060	37.21601338	1043.363202
1061	37.21061688	1043.182757
1062	37.21010196	1043.149081
1063	37.20884804	1043.125203
1064	37.20043197	1042.747784
1065	37.18934889	1042.353438
1066	37.18866338	1042.304365
1067	37.18055028	1042.011445
1068	37.17449478	1041.619398
1069	37.17282905	1041.422487
1070	37.17215348	1041.405197
1071	37.16948117	1041.280146
1072	37.16123177	1040.967944
1073	37.1589095	1040.802741
1074	37.15000755	1040.36991
1075	37.13521176	1039.838825
1076	37.12246294	1039.448625
1077	37.11131541	1038.910252
1078	37.11057014	1038.894521
1079	37.10885147	1038.831735
1080	37.10750384	1038.779475
1081	37.105526	1038.71104
1082	37.10531454	1038.705716
1083	37.10490603	1038.690728
1084	37.1021862	1038.601348
1085	37.09961447	1038.507405
1086	37.09923499	1038.490905
1087	37.08011892	1037.749014
1088	37.07222694	1037.448929
1089	37.0668566	1037.268097
1090	37.06697824	1037.255471
1091	37.06035812	1037.042987
1092	37.05823867	1036.989827
1093	37.05776958	1036.970621
1094	37.05243623	1036.720051
1095	37.03864413	1036.221605
1096	37.0381133	1036.174891
1097	37.0339707	1036.00045
1098	37.03024038	1035.710521
1099	37.01936421	1035.126032
1100	37.01318913	1034.922831
1101	37.00441473	1034.56261
1102	36.99074042	1033.99764
1103	36.9841517	1033.695748
1104	36.9784358	1033.438619
1105	36.9653383	1032.978798
1106	36.96053943	1032.840634
1107	36.94484352	1032.279178
1108	36.94486309	1032.268255
1109	36.94449158	1032.26187
1110	36.94213674	1032.169177
1111	36.92736304	1031.627868
1112	36.91476886	1031.16345
1113	36.9105052	1030.984968
1114	36.90008015	1030.574784
1115	36.89403726	1030.304531
1116	36.88956268	1030.076702
1117	36.87407497	1029.501457
1118	36.86888361	1029.323743
1119	36.86389531	1029.108084
1120	36.86338266	1029.084651
1121	36.86226516	1029.051296
1122	36.86179811	1029.013261
1123	36.85176997	1028.679978
1124	36.84343631	1028.314369
1125	36.83000278	1027.773034
1126	36.82478419	1027.579668
1127	36.80920811	1026.961796
1128	36.80868551	1026.948435
1129	36.80617455	1026.875173
1130	36.8004527	1026.696012
1131	36.79694346	1026.581523
1132	36.79732342	1026.556626
1133	36.79214692	1026.2774
1134	36.79069406	1026.229919
1135	36.78540285	1026.053171
1136	36.78469821	1026.033005
1137	36.78428495	1026.005588
1138	36.78369322	1025.994645
1139	36.77223705	1025.538242
1140	36.76468667	1025.202254
1141	36.76274913	1025.15704
1142	36.74474359	1024.541218
1143	36.74319476	1024.360385
1144	36.74066789	1024.282891
1145	36.71991327	1023.386984
1146	36.71558157	1023.202213
1147	36.71054367	1023.058346
1148	36.70506367	1022.857452
1149	36.70461778	1022.834373
1150	36.69983212	1022.684949
1151	36.69266345	1022.413401
1152	36.68668244	1022.17375
1153	36.68350924	1022.033405
1154	36.68372044	1022.009281
1155	36.67827348	1021.713712
1156	36.67771622	1021.698188
1157	36.67723121	1021.686826
1158	36.6681321	1021.317937
1159	36.6663118	1021.268481
1160	36.66560884	1021.224514
1161	36.66516615	1021.187784
1162	36.65431554	1020.754761
1163	36.64939486	1020.603498
1164	36.63513012	1020.152255
1165	36.62433517	1019.724276
1166	36.62372577	1019.71347
1167	36.61951186	1019.577186
1168	36.61257011	1019.360792
1169	36.60599809	1019.182811
1170	36.60395633	1019.071747
1171	36.59192206	1018.700508
1172	36.58477669	1018.492477
1173	36.57869938	1018.254293
1174	36.56945071	1017.843893
1175	36.55462317	1017.31453
1176	36.54795061	1017.076934
1177	36.5447724	1016.963357
1178	36.53891424	1016.70879
1179	36.5283187	1016.376227
1180	36.5181844	1015.976323
1181	36.50751396	1015.559987
1182	36.5060655	1015.512524
1183	36.50142358	1015.378005
1184	36.50092166	1015.365017
1185	36.49574011	1015.078706
1186	36.49497604	1015.040826
1187	36.49322693	1014.981053
1188	36.48815085	1014.702934
1189	36.47847216	1014.397154
1190	36.47605207	1014.305462
1191	36.47665217	1014.294138
1192	36.47290972	1014.133911
1193	36.46604592	1013.920713
1194	36.46482746	1013.89027
1195	36.45048797	1013.405111
1196	36.44414618	1013.219866
1197	36.44389428	1013.209223
1198	36.44143635	1013.133228
1199	36.43145111	1012.715356
1200	36.42862061	1012.597665
1201	36.41387597	1011.970348
1202	36.40358563	1011.613827
1203	36.40343121	1011.589639
1204	36.38666819	1010.968699
1205	36.38601225	1010.943263
1206	36.38551	1010.931219
1207	36.36987741	1010.45546
1208	36.36702598	1010.358053
1209	36.36628463	1010.342203
1210	36.35538961	1009.931191
1211	36.34701539	1009.702413
1212	36.34667756	1009.690411
1213	36.34170756	1009.515265
1214	36.32789895	1009.025731
1215	36.32778992	1009.000655
1216	36.32691011	1008.962844
1217	36.32536232	1008.915805
1218	36.32048483	1008.723996
1219	36.31853259	1008.668793
1220	36.30994746	1008.326213
1221	36.29320002	1007.791349
1222	36.29240954	1007.7396
1223	36.28729978	1007.471223
1224	36.27904461	1007.197371
1225	36.27364315	1007.013364
1226	36.27298164	1006.968977
1227	36.27158782	1006.924382
1228	36.26924662	1006.865847
1229	36.25662656	1006.363421
1230	36.25433685	1006.286932
1231	36.24902451	1006.115693
1232	36.24494622	1006.00832
1233	36.23881667	1005.786122
1234	36.23023161	1005.46101
1235	36.22172805	1005.074661
1236	36.22161649	1005.062911
1237	36.2217174	1005.060154
1238	36.21907423	1004.963488
1239	36.20635741	1004.539179
1240	36.20633798	1004.515393
1241	36.19637747	1004.19061
1242	36.19174474	1004.00914
1243	36.18091155	1003.622921
1244	36.17083824	1003.321992
1245	36.16813132	1003.222209
1246	36.16810222	1003.199483
1247	36.16804923	1003.17751
1248	36.15987264	1002.883827
1249	36.15898638	1002.849485
1250	36.15315923	1002.583804
1251	36.14355466	1002.293561
1252	36.14320655	1002.283838
1253	36.12957534	1001.741646
1254	36.1172635	1001.277901
1255	36.11502697	1001.169326
1256	36.11401091	1001.151391
1257	36.10304638	1000.775
1258	36.10247869	1000.723766
1259	36.10092896	1000.686145
1260	36.09931721	1000.574447
1261	36.094108	1000.401259
1262	36.09385882	1000.371432
1263	36.08801321	1000.075292
1264	36.08536822	999.9341124
1265	36.07846027	999.681851
1266	36.0771705	999.649467
1267	36.07128212	999.4127352
1268	36.05695375	998.8825068
1269	36.05587307	998.8522027
1270	36.05192711	998.7234086
1271	36.04848943	998.5914398
1272	36.04674485	998.5357348
1273	36.04543095	998.4938584
1274	36.0416873	998.3574888
1275	36.03615341	998.2053463
1276	36.03589766	998.1968259
1277	36.03305131	998.0781955
1278	36.03127914	998.0348238
1279	36.02613533	997.8603031
1280	36.01871007	997.4696147
1281	36.01654971	997.3699024
1282	36.00831579	997.1307825
1283	36.00114698	996.8490408
1284	35.99164269	996.6051073
1285	35.98278139	996.3781127
1286	35.98104377	996.3205222
1287	35.98086088	996.3119944
1288	35.97233425	995.9937033
1289	35.97119327	995.9457418
1290	35.9708409	995.9314478
1291	35.96950388	995.8900083
1292	35.96942899	995.8707542
1293	35.95392701	995.3587067
1294	35.94860644	995.1589295
1295	35.94828583	995.1396814
1296	35.93705159	994.7376042
1297	35.93669064	994.721185
1298	35.93658869	994.7035677
1299	35.9350731	994.6590946
1300	35.93100829	994.4855162
1301	35.91759514	994.049876
1302	35.90679398	993.5732498
1303	35.89852643	993.3114572
1304	35.88905146	992.8890366
1305	35.88094259	992.5883491
1306	35.87635283	992.4187379
1307	35.87615091	992.4067372
1308	35.87602345	992.3841075
1309	35.8762236	992.3713926
1310	35.86659795	992.0170071
1311	35.86695833	992.0035031
1312	35.85891897	991.7003818
1313	35.8503977	991.3599999
1314	35.85050326	991.3369755
1315	35.847158	991.1772177
1316	35.84660902	991.1383421
1317	35.84086206	990.8804459
1318	35.82718393	990.431893
1319	35.82596293	990.4075281
1320	35.81863386	990.1674054
1321	35.80810514	989.7541622
1322	35.80550487	989.6801739
1323	35.8023297	989.5374478
1324	35.78887655	989.0638164
1325	35.78222797	988.770785
1326	35.77839498	988.6133207
1327	35.77016269	988.291805
1328	35.76931071	988.2728055
1329	35.76828122	988.2496357
1330	35.76593561	988.1877877
1331	35.75421789	987.8066252
1332	35.74719068	987.5446483
1333	35.74530008	987.5026318
1334	35.73211464	986.9979995
1335	35.72305108	986.7515705
1336	35.71694332	986.4862241
1337	35.70059284	985.7602495
1338	35.69948018	985.7202646
1339	35.69384282	985.507718
1340	35.69352764	985.4886509
1341	35.68846292	985.3253802
1342	35.66839257	984.6551521
1343	35.66838538	984.6386801
1344	35.66687911	984.5989509
1345	35.65768177	984.2621229
1346	35.65318756	984.0940095
1347	35.63816332	983.581926
1348	35.63424875	983.4031418
1349	35.62644938	983.2000913
1350	35.62475961	983.1421529
1351	35.61434825	982.7669327
1352	35.6140843	982.7243696
1353	35.61370484	982.7133631
1354	35.61269744	982.6942149
1355	35.6127102	982.6781261
1356	35.61126494	982.6158545
1357	35.61184345	982.5993942
1358	35.59663989	982.1540781
1359	35.59279555	981.9573711
1360	35.58485444	981.6461506
1361	35.58435177	981.62614
1362	35.5830897	981.5750963
1363	35.5702269	981.1155369
1364	35.56634855	980.9612027
1365	35.56622329	980.9494867
1366	35.56351562	980.8234462
1367	35.55286646	980.4056107
1368	35.55277018	980.3891625
1369	35.54759019	980.2663644
1370	35.54059439	979.9783581
1371	35.53576616	979.8616042
1372	35.52766726	979.5400745
1373	35.52775083	979.5080072
1374	35.52484422	979.4025744
1375	35.52488305	979.3883209
1376	35.51247341	978.9714828
1377	35.5107738	978.9302846
1378	35.50232147	978.64277
1379	35.50007985	978.5239023
1380	35.49915933	978.489537
1381	35.48638212	978.0864101
1382	35.4869967	978.0733159
1383	35.47975145	977.7408973
1384	35.47969499	977.7234527
1385	35.46904908	977.2791573
1386	35.45692858	976.8925318
1387	35.44293631	976.2345701
1388	35.43975406	976.0962799
1389	35.43759796	976.0124658
1390	35.43751825	975.9915007
1391	35.43742506	975.9780932
1392	35.43654322	975.9480216
1393	35.4262922	975.617717
1394	35.41883221	975.3321971
1395	35.41626256	975.2466947
1396	35.41569424	975.2361575
1397	35.41142089	974.984005
1398	35.4071572	974.8548201
1399	35.40671113	974.8317594
1400	35.39157916	974.2754431
1401	35.38445374	973.9245153
1402	35.37284085	973.4218868
1403	35.37194116	973.3706869
1404	35.36697316	973.1693082
1405	35.36201896	972.9581844
1406	35.35802842	972.7732512
1407	35.35787405	972.7605509
1408	35.35775508	972.7444855
1409	35.35692231	972.7214226
1410	35.3551942	972.6862865
1411	35.35465528	972.635986
1412	35.35375873	972.6196194
1413	35.35126086	972.5131477
1414	35.3484568	972.4190413
1415	35.34735265	972.3242904
1416	35.34701986	972.3176919
1417	35.33720156	971.8935282
1418	35.33665077	971.8836869
1419	35.33077202	971.6221898
1420	35.3273823	971.4869567
1421	35.32294948	971.3018056
1422	35.30603896	970.808021
1423	35.30205033	970.6865861
1424	35.3022908	970.6746285
1425	35.30041616	970.634489
1426	35.29949759	970.566117
1427	35.29934031	970.5548686
1428	35.29729278	970.446054
1429	35.29439266	970.3199516
1430	35.28948634	970.0697346
1431	35.27888449	969.6366963
1432	35.25892515	968.9616881
1433	35.24894707	968.6112691
1434	35.24466214	968.408582
1435	35.24277243	968.3580682
1436	35.24179939	968.3282586
1437	35.23758687	968.1932991
1438	35.237267	968.1845285
1439	35.23701623	968.1744386
1440	35.22768736	967.904521
1441	35.22258948	967.7544211
1442	35.22226055	967.7477993
1443	35.2108032	967.3521599
1444	35.20491886	967.1521008
1445	35.19159632	966.7481706
1446	35.18790109	966.636357
1447	35.18769999	966.6297777
1448	35.18570491	966.5649303
1449	35.18377596	966.476547
1450	35.18245246	966.4550054
1451	35.18102583	966.4055959
1452	35.17408521	966.1728768
1453	35.1725565	966.1087805
1454	35.16814762	965.9831864
1455	35.16805293	965.9722128
1456	35.1680082	965.9614352
1457	35.16784116	965.9518096
1458	35.16269841	965.7671317
1459	35.16256681	965.7570372
1460	35.16003498	965.6532223
1461	35.15264808	965.4058419
1462	35.14710157	965.1569038
1463	35.13950508	964.9307462
1464	35.13936493	964.9233175
1465	35.13240805	964.6918326
1466	35.1319646	964.6658176
1467	35.12718021	964.4962757
1468	35.11965351	964.156034
1469	35.10674845	963.578882
1470	35.10640967	963.5703724
1471	35.10381772	963.5155747
1472	35.09800718	963.3763777
1473	35.09743489	963.3630051
1474	35.09271809	963.1533446
1475	35.09091786	963.0777957
1476	35.08159632	962.7073962
1477	35.07825882	962.5934101
1478	35.07369493	962.3393889
1479	35.07243051	962.2968201
1480	35.0582782	961.7945585
1481	35.05705085	961.7608857
1482	35.05228129	961.5814564
1483	35.05142609	961.5544964
1484	35.05101455	961.5462246
1485	35.05017569	961.5199081
1486	35.04914438	961.4874241
1487	35.04867934	961.4460099
1488	35.04342912	961.2446742
1489	35.03916879	961.0687555
1490	35.03737505	961.017583
1491	35.03622652	960.9737837
1492	35.03558797	960.9314304
1493	35.03432216	960.8669071
1494	35.03417175	960.8573783
1495	35.03384674	960.8493633
1496	35.03198674	960.8006945
1497	35.0263068	960.5340662
1498	35.02640456	960.4802416
1499	35.02111878	960.2949855
1500	35.00735799	959.8499379
1501	34.99881384	959.4824306
1502	34.98975896	959.0790766
1503	34.98866696	959.040374
1504	34.97122165	958.3967796
1505	34.96295821	958.0366223
1506	34.95758188	957.837015
1507	34.9470634	957.459117
1508	34.94574646	957.3965865
1509	34.9392606	957.1012686
1510	34.93862161	957.0633558
1511	34.93850607	957.0300463
1512	34.93746776	957.008472
1513	34.93721523	956.9974459
1514	34.92787708	956.703909
1515	34.92646097	956.6667969
1516	34.92616664	956.635495
1517	34.92508852	956.6121922
1518	34.92250295	956.5483458
1519	34.91761853	956.3776922
1520	34.90925827	956.1048678
1521	34.90880094	956.0847563
1522	34.9072134	955.9989445
1523	34.9031315	955.8559137
1524	34.89340297	955.4776217
1525	34.88544952	955.1956307
1526	34.88186264	955.0736819
1527	34.87997467	955.0366855
1528	34.87902221	955.0190155
1529	34.8744929	954.8516777
1530	34.86225528	954.3933734
1531	34.85907328	954.2734918
1532	34.8579862	954.2521175
1533	34.85486987	954.1614048
1534	34.85485571	954.1199354
1535	34.85428679	954.1094794
1536	34.84628443	953.8262253
1537	34.845379	953.7882738
1538	34.84554757	953.7786847
1539	34.83789322	953.5646435
1540	34.82950869	953.2598741
1541	34.82719672	953.1427066
1542	34.82562438	953.0947027
1543	34.82548786	953.0840492
1544	34.82426478	953.0565281
1545	34.8241733	953.0477107
1546	34.82102711	952.893768
1547	34.82125852	952.8823654
1548	34.81698039	952.7747504
1549	34.81688966	952.764123
1550	34.81131388	952.6028959
1551	34.80257337	952.3308241
1552	34.79168653	952.0293072
1553	34.79156016	952.004222
1554	34.79130969	951.9973646
1555	34.79107535	951.9901899
1556	34.78397158	951.6578483
1557	34.7837073	951.6512217
1558	34.78390229	951.6386579
1559	34.77842577	951.4101596
1560	34.77543563	951.3112779
1561	34.7710316	951.072914
1562	34.76728911	950.9350835
1563	34.75836279	950.6555368
1564	34.75486043	950.4622302
1565	34.74343605	950.0279717
1566	34.73487777	949.70482
1567	34.72869607	949.4785593
1568	34.71688105	948.9379932
1569	34.70970895	948.7241239
1570	34.70157086	948.4649729
1571	34.6999147	948.4045299
1572	34.69197488	948.0898543
1573	34.69167811	948.0798436
1574	34.68842032	947.9794914
1575	34.68558875	947.9034138
1576	34.67446268	947.5593799
1577	34.66925476	947.3694669
1578	34.66616643	947.2780452
1579	34.66623711	947.2695122
1580	34.66498168	947.2262084
1581	34.65669365	946.9117197
1582	34.64862479	946.5770862
1583	34.64874296	946.5689897
1584	34.6471922	946.5201223
1585	34.64700477	946.5132274
1586	34.64106155	946.3953444
1587	34.63287908	946.0523834
1588	34.63258176	946.0422948
1589	34.62399281	945.6799083
1590	34.62379208	945.6725287
1591	34.62427873	945.6679817
1592	34.62412878	945.6616393
1593	34.62241534	945.6177625
1594	34.62150738	945.5844515
1595	34.62037989	945.5444992
1596	34.61165507	945.2831275
1597	34.60848047	945.1798773
1598	34.60779826	945.1452444
1599	34.59657899	944.8153216
1600	34.58599483	944.4889492
1601	34.58248391	944.2961179
1602	34.57976514	944.1789232
1603	34.57450031	944.0264315
1604	34.57074176	943.8774896
1605	34.56715967	943.7096135
1606	34.56513265	943.584627
1607	34.56330749	943.5277417
1608	34.55605217	943.2838011
1609	34.55085442	943.13717
1610	34.5458532	942.9480478
1611	34.54583116	942.9433262
1612	34.54389572	942.8377799
1613	34.53682543	942.6549588
1614	34.53499282	942.5926488
1615	34.53319538	942.5329057
1616	34.52505747	942.2479623
1617	34.51871239	941.9352226
1618	34.50841404	941.527259
1619	34.50751871	941.4969105
1620	34.50104864	941.2296673
1621	34.48150197	940.5972789
1622	34.47465519	940.2170863
1623	34.47414318	940.2056682
1624	34.46695583	939.9721696
1625	34.46640278	939.9473962
1626	34.46624011	939.9404536
1627	34.46532953	939.8955106
1628	34.46165244	939.7405051
1629	34.46110091	939.7192811
1630	34.46129248	939.7119693
1631	34.44723574	939.1866846
1632	34.44026854	938.9564235
1633	34.43393102	938.6622516
1634	34.43416567	938.6518452
1635	34.42261032	938.195423
1636	34.41708154	937.924359
1637	34.41242787	937.7188519
1638	34.40302737	937.3566516
1639	34.40303487	937.3467947
1640	34.3951957	937.0181603
1641	34.38944966	936.7889851
1642	34.38667379	936.6361012
1643	34.38669719	936.6271708
1644	34.37808368	936.3690582
1645	34.37730085	936.3474543
1646	34.37235853	936.1819343
1647	34.37018247	936.0731308
1648	34.36629148	935.8820897
1649	34.35977892	935.5990187
1650	34.35231136	935.3397996
1651	34.35229846	935.3323701
1652	34.34832023	935.1809265
1653	34.34092367	934.8871043
1654	34.34061012	934.8792555
1655	34.33570907	934.7189957
1656	34.33546763	934.7134204
1657	34.33473341	934.6842012
1658	34.3341429	934.6251743
1659	34.32956239	934.4639343
1660	34.32834345	934.4243746
1661	34.32811623	934.3991021
1662	34.32175249	934.097517
1663	34.3154839	933.9053351
1664	34.30784186	933.6385304
1665	34.30655999	933.5781384
1666	34.30335679	933.480281
1667	34.30105415	933.3946869
1668	34.30086752	933.3868416
1669	34.29754843	933.3143681
1670	34.29742729	933.3029354
1671	34.28799047	932.9978122
1672	34.28811548	932.9798183
1673	34.28741144	932.9584911
1674	34.2872389	932.9524325
1675	34.28035754	932.6716527
1676	34.28013868	932.6630049
1677	34.27999404	932.6455886
1678	34.27741294	932.5716269
1679	34.27713839	932.5431181
1680	34.27689776	932.5372981
1681	34.26526163	932.1983343
1682	34.25312728	931.6299801
1683	34.22893616	930.8345209
1684	34.22889814	930.8283055
1685	34.22772486	930.8042307
1686	34.22531515	930.7277821
1687	34.22296238	930.6462851
1688	34.21306732	930.3275294
1689	34.20441711	929.9604223
1690	34.19274409	929.5634869
1691	34.19335948	929.5525779
1692	34.18398708	929.2129232
1693	34.17409999	928.7990984
1694	34.17080265	928.6054144
1695	34.16894133	928.5324248
1696	34.16012518	928.2590478
1697	34.15665388	928.0783543
1698	34.14709353	927.6722693
1699	34.14696734	927.6655966
1700	34.14193998	927.4172336
1701	34.14030987	927.2686366
1702	34.13973244	927.2485123
1703	34.13779675	927.2009185
1704	34.13445655	927.076915
1705	34.12077511	926.5457205
1706	34.11666665	926.3412509
1707	34.10608445	925.9544463
1708	34.09433252	925.5791607
1709	34.08460754	925.2141707
1710	34.08007062	924.9938646
1711	34.07227166	924.7268882
1712	34.06367841	924.4065
1713	34.05486703	924.1960562
1714	34.04690868	923.8284829
1715	34.04329598	923.6982187
1716	34.04086673	923.6197987
1717	34.03421325	923.3705888
1718	34.03412628	923.3594191
1719	34.02904342	923.134053
1720	34.01910052	922.7297951
1721	34.01757706	922.6354851
1722	34.01072107	922.2882996
1723	34.00427957	921.9870071
1724	34.00100398	921.8665271
1725	33.99798101	921.790312
1726	33.99284591	921.6270711
1727	33.99257236	921.5617615
1728	33.99239777	921.5528835
1729	33.99202002	921.545916
1730	33.99184614	921.5383178
1731	33.98471441	921.2745784
1732	33.98207173	921.1330173
1733	33.98083833	921.1018869
1734	33.97638494	920.9252987
1735	33.96724384	920.6651735
1736	33.9662157	920.6342536
1737	33.96613998	920.6278363
1738	33.96357588	920.5205247
1739	33.95619863	920.2379834
1740	33.95619731	920.232099
1741	33.95360928	920.1379152
1742	33.95228348	920.0554563
1743	33.94603805	919.8585082
1744	33.94648335	919.8487416
1745	33.94329363	919.7219617
1746	33.94295191	919.7059441
1747	33.94079273	919.6533426
1748	33.93831347	919.5247358
1749	33.93836373	919.5206672
1750	33.93031444	919.2248183
1751	33.9308959	919.2051464
1752	33.92393061	918.9822028
1753	33.92196796	918.9057214
1754	33.91563181	918.7056233
1755	33.91598762	918.7000495
1756	33.9118635	918.557986
1757	33.90796839	918.3916999
1758	33.90388642	918.1568121
1759	33.90034355	918.0059257
1760	33.88859499	917.6166303
1761	33.88768282	917.5536494
1762	33.88250926	917.3663461
1763	33.8773683	917.1590591
1764	33.87210048	916.9421662
1765	33.86979049	916.8424488
1766	33.86930923	916.8233446
1767	33.86756628	916.6995399
1768	33.86623992	916.6591807
1769	33.86538398	916.6115616
1770	33.86504698	916.6040519
1771	33.86451498	916.5754883
1772	33.85773338	916.351891
1773	33.84274586	915.8287091
1774	33.84267905	915.8216392
1775	33.84050166	915.7511127
1776	33.84028818	915.7447815
1777	33.83607344	915.5930297
1778	33.83365312	915.5200209
1779	33.82849633	915.3045689
1780	33.82281419	915.0794188
1781	33.81747017	914.8634208
1782	33.81152215	914.6778756
1783	33.80644269	914.5191268
1784	33.80531677	914.4944951
1785	33.80272723	914.3992674
1786	33.80263502	914.3953803
1787	33.79796595	914.1915547
1788	33.78790269	913.823642
1789	33.78510035	913.7210477
1790	33.78267561	913.6347177
1791	33.78225108	913.6058218
1792	33.77726262	913.4276002
1793	33.77345865	913.2917001
1794	33.77234336	913.2595467
1795	33.77237997	913.2530764
1796	33.76605629	913.0752043
1797	33.75808109	912.789028
1798	33.74613219	912.3283814
1799	33.74010077	912.0667837
1800	33.73752397	911.9737314
1801	33.73717647	911.9651841
1802	33.73671946	911.9385559
1803	33.73006518	911.7361001
1804	33.72558142	911.5552831
1805	33.72529501	911.529805
1806	33.71783336	911.2470183
1807	33.71433087	911.1214896
1808	33.71375056	911.1047995
1809	33.70731195	910.9395355
1810	33.69147143	910.3110283
1811	33.67849659	909.8369914
1812	33.67522299	909.747058
1813	33.66784239	909.4754854
1814	33.66772345	909.4672102
1815	33.65478096	908.9668679
1816	33.65211689	908.8562168
1817	33.64899365	908.7484692
1818	33.64624196	908.5929662
1819	33.64364164	908.4890677
1820	33.64356291	908.48407
1821	33.63654413	908.2330553
1822	33.62993507	907.9994664
1823	33.62755004	907.8675526
1824	33.62505556	907.7595744
1825	33.62362438	907.7067396
1826	33.6135197	907.4228478
1827	33.60503202	907.1427709
1828	33.60329645	907.0937592
1829	33.60308706	907.0881428
1830	33.60110819	907.0340522
1831	33.60043102	907.0128246
1832	33.59526422	906.8222454
1833	33.58883677	906.5787848
1834	33.58509301	906.4134992
1835	33.58102432	906.2104162
1836	33.58085751	906.2051068
1837	33.58060442	906.1948056
1838	33.579948	906.1830742
1839	33.57014475	905.734197
1840	33.570363	905.7230507
1841	33.5680045	905.6176835
1842	33.56768892	905.6074482
1843	33.56734141	905.598922
1844	33.56091083	905.3829287
1845	33.55144982	905.0613361
1846	33.54227546	904.746719
1847	33.54026042	904.6874557
1848	33.53858406	904.6438654
1849	33.53493402	904.5130633
1850	33.5321077	904.3709519
1851	33.53154021	904.361575
1852	33.53165967	904.3483995
1853	33.52623418	904.0613017
1854	33.5148952	903.6820845
1855	33.51519707	903.6760124
1856	33.51248243	903.6050654
1857	33.51120755	903.5635778
1858	33.5043676	903.3598989
1859	33.48827616	902.9054087
1860	33.47112664	902.2164663
1861	33.46619387	902.0762258
1862	33.46606641	902.0716985
1863	33.46135161	901.8964464
1864	33.45591777	901.7628921
1865	33.45106717	901.5729943
1866	33.44654403	901.4604812
1867	33.44336208	901.3295889
1868	33.4427662	901.2891802
1869	33.43392664	901.0153718
1870	33.43295248	900.9728091
1871	33.42913683	900.8892768
1872	33.42824483	900.8566433
1873	33.42657342	900.8148657
1874	33.42505779	900.7654804
1875	33.42469014	900.720921
1876	33.41612531	900.434015
1877	33.40879297	900.1756232
1878	33.40863438	900.1690513
1879	33.40530147	900.0793194
1880	33.40095162	899.8977555
1881	33.40054326	899.8648242
1882	33.39365688	899.6502052
1883	33.38642042	899.3855499
1884	33.381565	899.1626127
1885	33.38153226	899.1353042
1886	33.3807651	899.0748581
1887	33.38047441	899.0543685
1888	33.38054034	899.0489457
1889	33.3803675	899.0400695
1890	33.3800377	899.03238
1891	33.37951409	899.0182443
1892	33.37797605	898.9617784
1893	33.37491839	898.8244928
1894	33.374662	898.8170641
1895	33.37207453	898.7329117
1896	33.37128318	898.711721
1897	33.36676053	898.577788
1898	33.36658329	898.567933
1899	33.3623442	898.4681841
1900	33.34962061	898.0858587
1901	33.33415996	897.5528355
1902	33.32848593	897.3370291
1903	33.31789657	896.9934018
1904	33.31387187	896.8734735
1905	33.31106768	896.7282804
1906	33.31116491	896.7214522
1907	33.30857088	896.5857535
1908	33.30353428	896.3869325
1909	33.30293825	896.3678034
1910	33.29666482	896.1723175
1911	33.29631639	896.1576813
1912	33.28596233	895.7784691
1913	33.28046604	895.5632178
1914	33.28032959	895.5429957
1915	33.27716939	895.3928119
1916	33.27716225	895.3887569
1917	33.27724461	895.3833875
1918	33.27734629	895.3738186
1919	33.26832504	895.0496783
1920	33.26488087	894.9328329
1921	33.26509933	894.9318684
1922	33.26493748	894.920838
1923	33.26454709	894.9104749
1924	33.26359145	894.8904929
1925	33.26065006	894.7872808
1926	33.26039059	894.778911
1927	33.25797193	894.6837826
1928	33.25273961	894.5268572
1929	33.25180126	894.4917094
1930	33.24935782	894.4305178
1931	33.24464743	894.2790623
1932	33.24261712	894.204233
1933	33.24088745	894.1662389
1934	33.23739273	893.9978375
1935	33.23775631	893.994056
1936	33.23775777	893.9903147
1937	33.22910826	893.7446862
1938	33.22900169	893.7275436
1939	33.22895134	893.7235646
1940	33.22183481	893.460899
1941	33.22220606	893.45674
1942	33.21731996	893.2749491
1943	33.21643965	893.2292924
1944	33.21645662	893.2249732
1945	33.21527483	893.1871241
1946	33.2091839	892.9757618
1947	33.20961901	892.9691461
1948	33.20754584	892.9101009
1949	33.2055627	892.8237588
1950	33.20470136	892.7705084
1951	33.20386614	892.7501741
1952	33.20340298	892.7358996
1953	33.20246784	892.7253778
1954	33.20236781	892.7119766
1955	33.19913122	892.5570133
1956	33.19423893	892.3633444
1957	33.19337341	892.3021875
1958	33.18884989	892.1167291
1959	33.18782542	892.0955743
1960	33.18799123	892.0908921
1961	33.18136854	891.8759091
1962	33.18131937	891.8702802
1963	33.17526279	891.690276
1964	33.17551932	891.6772137
1965	33.17387553	891.6405372
1966	33.17284746	891.6015495
1967	33.17146798	891.5337026
1968	33.17157302	891.5164279
1969	33.16794428	891.3496614
1970	33.16545583	891.2524763
1971	33.1570129	890.9669256
1972	33.15632441	890.9416162
1973	33.15465757	890.8671526
1974	33.14664718	890.5172636
1975	33.14494137	890.4454044
1976	33.13808841	890.2021477
1977	33.13536231	890.1129937
1978	33.13523379	890.1078182
1979	33.13388683	890.0780748
1980	33.13382385	890.0738493
1981	33.13001073	889.979521
1982	33.12988818	889.9756755
1983	33.12998159	889.9699508
1984	33.12766387	889.903018
1985	33.12402323	889.7898193
1986	33.12328723	889.774937
1987	33.11376436	889.3825847
1988	33.11290285	889.3020178
1989	33.10971695	889.1663949
1990	33.10946929	889.1593245
1991	33.10556333	889.0218371
1992	33.0970738	888.7484555
1993	33.09659513	888.7386465
1994	33.09607045	888.700963
1995	33.0905638	888.5281347
1996	33.08952563	888.495083
1997	33.08238927	888.2834637
1998	33.07159891	887.910754
1999	33.07166782	887.9065726
